{"annotation":[{"box":[535,292,548,305],"class":"traffic_sign","shape":"circle","color":"red"},{"shape":"circle","color":"red","kind":"normal","box":[520,299,534,312],"text":"0","type":"restriction","class":"traffic_sign"},{"light_count":"3","box":[551,309,568,315],"attribute":[{"red":"off","green":"on","x_light":"off","others_arrow":"off","yellow":"off","left_arrow":"off"}],"type":"car","class":"traffic_light","direction":"horizontal"},{"light_count":"3","box":[502,306,519,312],"attribute":[{"red":"off","green":"off","x_light":"off","others_arrow":"off","yellow":"off","left_arrow":"off"}],"type":"car","class":"traffic_light","direction":"horizontal"}],"image":{"filename":"s01000376.jpg","imsize":[1280,720]}}