{"annotation":[{"shape":"rectangle","color":"blue","kind":"normal","box":[6,0,128,144],"text":"0","type":"instruction","class":"traffic_sign"},{"shape":"triangle","color":"yellow","kind":"normal","box":[742,228,759,242],"text":"0","type":"caution","class":"traffic_sign"},{"box":[706,297,716,306],"class":"traffic_sign","shape":"circle","color":"blue"},{"shape":"triangle","color":"red","kind":"normal","box":[715,304,725,313],"text":"0","type":"restriction","class":"traffic_sign"},{"box":[706,308,715,317],"class":"traffic_sign","shape":"circle","color":"red"}],"image":{"filename":"s01000290.jpg","imsize":[1280,720]}}