{"annotation":[{"shape":"circle","color":"red","kind":"normal","box":[742,220,761,240],"text":"50","type":"restriction","class":"traffic_sign"},{"light_count":"3","box":[582,225,598,230],"attribute":[{"red":"off","green":"on","x_light":"off","others_arrow":"off","yellow":"off","left_arrow":"off"}],"type":"car","class":"traffic_light","direction":"horizontal"},{"light_count":"3","box":[622,224,639,230],"attribute":[{"red":"off","green":"on","x_light":"off","others_arrow":"off","yellow":"off","left_arrow":"off"}],"type":"car","class":"traffic_light","direction":"horizontal"}],"image":{"filename":"s01000534.jpg","imsize":[1280,720]}}