{"annotation":[{"shape":"circle","color":"red","kind":"normal","box":[713,273,741,300],"text":"0","type":"restriction","class":"traffic_sign"},{"shape":"rectangle","color":"blue","kind":"normal","box":[502,278,549,309],"text":"0","type":"instruction","class":"traffic_sign"},{"shape":"triangle","color":"yellow","kind":"normal","box":[339,158,397,211],"text":"0","type":"caution","class":"traffic_sign"},{"shape":"triangle","color":"red","kind":"normal","box":[342,211,393,260],"text":"0","type":"restriction","class":"traffic_sign"}],"image":{"filename":"s01000379.jpg","imsize":[1280,720]}}