{"annotation":[{"light_count":"4","box":[872,239,889,245],"attribute":[{"red":"off","green":"on","x_light":"off","others_arrow":"off","yellow":"off","left_arrow":"off"}],"type":"car","class":"traffic_light","direction":"horizontal"},{"light_count":"4","box":[828,240,847,245],"attribute":[{"red":"off","green":"on","x_light":"off","others_arrow":"off","yellow":"off","left_arrow":"off"}],"type":"car","class":"traffic_light","direction":"horizontal"},{"box":[853,234,865,247],"class":"traffic_sign","shape":"circle","color":"blue"},{"box":[930,255,942,268],"class":"traffic_sign","shape":"triangle","color":"blue"},{"box":[931,269,943,279],"class":"traffic_sign","shape":"triangle","color":"red"}],"image":{"filename":"s01000252.jpg","imsize":[1280,720]}}