{"annotation":[{"shape":"circle","color":"red","kind":"normal","box":[592,217,605,231],"text":"0","type":"restriction","class":"traffic_sign"},{"light_count":"4","box":[534,238,553,245],"attribute":[{"red":"off","green":"on","x_light":"off","others_arrow":"off","yellow":"off","left_arrow":"on"}],"type":"car","class":"traffic_light","direction":"horizontal"},{"light_count":"4","box":[587,241,606,248],"attribute":[{"red":"off","green":"on","x_light":"off","others_arrow":"off","yellow":"off","left_arrow":"on"}],"type":"car","class":"traffic_light","direction":"horizontal"}],"image":{"filename":"s01000535.jpg","imsize":[1280,720]}}