{"annotation":[{"shape":"circle","color":"red","kind":"normal","box":[887,70,923,109],"text":"0","type":"restriction","class":"traffic_sign"},{"shape":"circle","color":"blue","kind":"normal","box":[884,28,921,70],"text":"0","type":"instruction","class":"traffic_sign"},{"shape":"rectangle","color":"blue","kind":"normal","box":[590,3,735,87],"text":"0","type":"instruction","class":"traffic_sign"},{"shape":"rectangle","color":"blue","kind":"normal","box":[612,140,640,177],"text":"0","type":"instruction","class":"traffic_sign"}],"image":{"filename":"s01000202.jpg","imsize":[1280,720]}}