{"annotation":[{"shape":"rectangle","color":"blue","kind":"normal","box":[465,196,491,227],"text":"0","type":"instruction","class":"traffic_sign"},{"shape":"circle","color":"red","kind":"normal","box":[580,230,591,240],"text":"0","type":"restriction","class":"traffic_sign"},{"light_count":"3","box":[599,235,610,240],"attribute":[{"red":"off","green":"on","x_light":"off","others_arrow":"off","yellow":"off","left_arrow":"off"}],"type":"car","class":"traffic_light","direction":"horizontal"},{"light_count":"3","box":[561,237,575,242],"attribute":[{"red":"off","green":"on","x_light":"off","others_arrow":"off","yellow":"off","left_arrow":"off"}],"type":"car","class":"traffic_light","direction":"horizontal"}],"image":{"filename":"s01000683.jpg","imsize":[1280,720]}}