{"annotation":[{"shape":"circle","color":"red","kind":"normal","box":[562,222,574,235],"text":"0","type":"restriction","class":"traffic_sign"},{"shape":"rectangle","color":"blue","kind":"normal","box":[409,175,442,217],"text":"0","type":"instruction","class":"traffic_sign"},{"light_count":"3","box":[538,232,555,238],"attribute":[{"red":"off","green":"on","x_light":"off","others_arrow":"off","yellow":"off","left_arrow":"off"}],"type":"car","class":"traffic_light","direction":"horizontal"},{"light_count":"3","box":[582,230,598,235],"attribute":[{"red":"off","green":"on","x_light":"off","others_arrow":"off","yellow":"off","left_arrow":"off"}],"type":"car","class":"traffic_light","direction":"horizontal"}],"image":{"filename":"s01000678.jpg","imsize":[1280,720]}}