{"annotation":[{"box":[598,389,610,404],"class":"traffic_sign","shape":"rectangle","color":"blue"},{"box":[666,391,681,406],"class":"traffic_sign","shape":"circle","color":"red"},{"light_count":"2","box":[643,398,662,406],"attribute":[{"red":"on","green":"off","x_light":"off","others_arrow":"off","yellow":"off","left_arrow":"off"}],"type":"car","class":"traffic_light","direction":"horizontal"},{"light_count":"3","box":[573,398,597,405],"attribute":[{"red":"on","green":"off","x_light":"off","others_arrow":"off","yellow":"off","left_arrow":"off"}],"type":"car","class":"traffic_light","direction":"horizontal"}],"image":{"filename":"s01000561.jpg","imsize":[1280,720]}}