{"annotation":[{"shape":"circle","color":"red","kind":"normal","box":[602,207,616,222],"text":"0","type":"restriction","class":"traffic_sign"},{"light_count":"4","box":[596,234,618,241],"attribute":[{"red":"off","green":"on","x_light":"off","others_arrow":"off","yellow":"off","left_arrow":"on"}],"type":"car","class":"traffic_light","direction":"horizontal"},{"light_count":"4","box":[540,231,560,237],"attribute":[{"red":"off","green":"on","x_light":"off","others_arrow":"off","yellow":"off","left_arrow":"on"}],"type":"car","class":"traffic_light","direction":"horizontal"}],"image":{"filename":"s01000506.jpg","imsize":[1280,720]}}