{"annotation":[{"shape":"triangle","color":"blue","kind":"normal","box":[1161,34,1200,94],"text":"0","type":"instruction","class":"traffic_sign"},{"light_count":"3","box":[658,39,687,52],"attribute":[{"red":"off","green":"on","x_light":"off","others_arrow":"off","yellow":"off","left_arrow":"off"}],"type":"car","class":"traffic_light","direction":"horizontal"},{"light_count":"3","box":[586,32,613,44],"attribute":[{"red":"off","green":"on","x_light":"off","others_arrow":"off","yellow":"off","left_arrow":"off"}],"type":"car","class":"traffic_light","direction":"horizontal"}],"image":{"filename":"s01000324.jpg","imsize":[1280,720]}}