{"annotation":[{"box":[828,237,848,259],"class":"traffic_sign","shape":"triangle","color":"yellow"},{"box":[850,248,863,265],"class":"traffic_sign","shape":"triangle","color":"blue"},{"box":[851,266,864,281],"class":"traffic_sign","shape":"triangle","color":"red"},{"light_count":"3","box":[806,259,815,284],"attribute":[{"red":"off","green":"off","x_light":"off","others_arrow":"off","yellow":"off","left_arrow":"off"}],"type":"pedestrian","class":"traffic_light","direction":"horizontal"},{"light_count":"3","box":[739,282,747,298],"attribute":[{"red":"off","green":"off","x_light":"off","others_arrow":"off","yellow":"off","left_arrow":"off"}],"type":"pedestrian","class":"traffic_light","direction":"horizontal"},{"box":[681,244,689,253],"class":"traffic_sign","shape":"circle","color":"red"},{"light_count":"3","box":[622,255,635,259],"attribute":[{"red":"off","green":"on","x_light":"off","others_arrow":"off","yellow":"off","left_arrow":"off"}],"type":"car","class":"traffic_light","direction":"horizontal"},{"light_count":"3","box":[662,254,675,258],"attribute":[{"red":"off","green":"off","x_light":"off","others_arrow":"off","yellow":"off","left_arrow":"off"}],"type":"car","class":"traffic_light","direction":"horizontal"},{"light_count":"4","box":[424,184,463,196],"attribute":[{"red":"off","green":"on","x_light":"off","others_arrow":"off","yellow":"off","left_arrow":"off"}],"type":"car","class":"traffic_light","direction":"horizontal"}],"image":{"filename":"s01000256.jpg","imsize":[1280,720]}}