{"annotation":[{"box":[801,204,819,222],"class":"traffic_sign","shape":"circle","color":"red"},{"light_count":"1","box":[563,253,571,261],"attribute":[{"red":"off","green":"off","x_light":"off","others_arrow":"on","yellow":"off","left_arrow":"off"}],"type":"car","class":"traffic_light","direction":"horizontal"},{"light_count":"1","box":[587,254,594,260],"attribute":[{"red":"off","green":"off","x_light":"off","others_arrow":"on","yellow":"off","left_arrow":"off"}],"type":"car","class":"traffic_light","direction":"horizontal"},{"light_count":"1","box":[612,254,619,261],"attribute":[{"red":"off","green":"off","x_light":"off","others_arrow":"on","yellow":"off","left_arrow":"off"}],"type":"car","class":"traffic_light","direction":"horizontal"}],"image":{"filename":"s01000444.jpg","imsize":[1280,720]}}