{"annotation":[{"light_count":"3","box":[940,258,950,286],"attribute":[{"red":"on","green":"off","x_light":"off","others_arrow":"off","yellow":"off","left_arrow":"off"}],"type":"car","class":"traffic_light","direction":"horizontal"},{"box":[675,279,688,292],"class":"traffic_sign","shape":"triangle","color":"blue"},{"light_count":"3","box":[649,221,673,230],"attribute":[{"red":"on","green":"off","x_light":"off","others_arrow":"off","yellow":"off","left_arrow":"off"}],"type":"car","class":"traffic_light","direction":"horizontal"}],"image":{"filename":"s01000634.jpg","imsize":[1280,720]}}