{"annotation":[{"shape":"circle","color":"red","kind":"normal","box":[1144,234,1168,268],"text":"0","type":"restriction","class":"traffic_sign"},{"box":[1102,233,1129,267],"class":"traffic_sign","shape":"circle","color":"blue"},{"shape":"circle","color":"red","kind":"normal","box":[936,103,975,141],"text":"0","type":"restriction","class":"traffic_sign"},{"box":[737,0,808,17],"class":"traffic_sign","shape":"circle","color":"red"},{"box":[653,0,717,16],"class":"traffic_sign","shape":"circle","color":"blue"}],"image":{"filename":"s01000679.jpg","imsize":[1280,720]}}