{"annotation":[{"box":[666,391,681,407],"class":"traffic_sign","shape":"circle","color":"red"},{"box":[598,390,610,406],"class":"traffic_sign","shape":"rectangle","color":"blue"},{"light_count":"3","box":[644,400,662,407],"attribute":[{"red":"off","green":"on","x_light":"off","others_arrow":"off","yellow":"off","left_arrow":"off"}],"type":"car","class":"traffic_light","direction":"horizontal"},{"light_count":"3","box":[572,399,597,407],"attribute":[{"red":"off","green":"on","x_light":"off","others_arrow":"off","yellow":"off","left_arrow":"off"}],"type":"car","class":"traffic_light","direction":"horizontal"}],"image":{"filename":"s01000557.jpg","imsize":[1280,720]}}