{"annotation":[{"light_count":"2","box":[1098,204,1121,244],"attribute":[{"red":"off","green":"off","x_light":"off","others_arrow":"off","yellow":"off","left_arrow":"off"}],"type":"pedestrian","class":"traffic_light","direction":"vertical"},{"light_count":"2","box":[939,249,949,266],"attribute":[{"red":"off","green":"on","x_light":"off","others_arrow":"off","yellow":"off","left_arrow":"off"}],"type":"pedestrian","class":"traffic_light","direction":"vertical"},{"shape":"circle","color":"red","kind":"normal","box":[705,181,721,197],"text":"0","type":"restriction","class":"traffic_sign"},{"light_count":"3","box":[682,192,704,200],"attribute":[{"red":"off","green":"on","x_light":"off","others_arrow":"off","yellow":"off","left_arrow":"off"}],"type":"car","class":"traffic_light","direction":"horizontal"}],"image":{"filename":"s01000268.jpg","imsize":[1280,720]}}