{"annotation":[{"shape":"circle","color":"red","kind":"normal","box":[762,248,797,282],"text":"0","type":"restriction","class":"traffic_sign"},{"shape":"triangle","color":"red","kind":"normal","box":[260,67,341,138],"text":"0","type":"caution","class":"traffic_sign"},{"shape":"triangle","color":"red","kind":"normal","box":[263,141,332,204],"text":"0","type":"restriction","class":"traffic_sign"},{"shape":"rectangle","color":"blue","kind":"normal","box":[502,269,556,299],"text":"0","type":"instruction","class":"traffic_sign"}],"image":{"filename":"s01000371.jpg","imsize":[1280,720]}}