{"annotation":[{"light_count":"3","box":[1112,97,1130,143],"attribute":[{"red":"on","green":"off","x_light":"off","others_arrow":"off","yellow":"off","left_arrow":"off"}],"type":"pedestrian","class":"traffic_light","direction":"horizontal"},{"box":[990,144,1008,163],"class":"traffic_sign","shape":"circle","color":"red"},{"shape":"circle","color":"red","kind":"normal","box":[855,41,875,63],"text":"0","type":"restriction","class":"traffic_sign"},{"shape":"circle","color":"red","kind":"normal","box":[832,39,854,62],"text":"60","type":"restriction","class":"traffic_sign"},{"shape":"circle","color":"red","kind":"normal","box":[708,98,719,109],"text":"0","type":"restriction","class":"traffic_sign"},{"box":[596,129,602,135],"class":"traffic_sign","shape":"circle","color":"blue"}],"image":{"filename":"s01000278.jpg","imsize":[1280,720]}}