{"annotation":[{"light_count":"3","box":[941,258,950,285],"attribute":[{"red":"on","green":"off","x_light":"off","others_arrow":"off","yellow":"off","left_arrow":"off"}],"type":"pedestrian","class":"traffic_light","direction":"vertical"},{"light_count":"3","box":[648,222,670,231],"attribute":[{"red":"on","green":"off","x_light":"off","others_arrow":"off","yellow":"off","left_arrow":"off"}],"type":"car","class":"traffic_light","direction":"horizontal"},{"box":[675,279,688,292],"class":"traffic_sign","shape":"triangle","color":"blue","type":"instruction"}],"image":{"filename":"s01000616.jpg","imsize":[1280,720]}}