{"annotation":[{"shape":"rectangle","color":"blue","kind":"normal","box":[477,204,502,233],"text":"0","type":"instruction","class":"traffic_sign"},{"shape":"circle","color":"red","kind":"normal","box":[584,236,594,245],"text":"0","type":"restriction","class":"traffic_sign"},{"light_count":"3","box":[601,241,612,245],"attribute":[{"red":"off","green":"on","x_light":"off","others_arrow":"off","yellow":"off","left_arrow":"off"}],"type":"car","class":"traffic_light","direction":"horizontal"},{"light_count":"3","box":[566,242,579,247],"attribute":[{"red":"off","green":"on","x_light":"off","others_arrow":"off","yellow":"off","left_arrow":"off"}],"type":"car","class":"traffic_light","direction":"horizontal"}],"image":{"filename":"s01000674.jpg","imsize":[1280,720]}}