{"annotation":[{"shape":"rectangle","color":"blue","kind":"normal","box":[912,45,985,121],"text":"0","type":"instruction","class":"traffic_sign"},{"shape":"circle","color":"blue","kind":"normal","box":[1040,216,1056,234],"text":"0","type":"instruction","class":"traffic_sign"},{"shape":"circle","color":"blue","kind":"normal","box":[767,285,778,296],"text":"0","type":"instruction","class":"traffic_sign"},{"shape":"circle","color":"red","kind":"normal","box":[690,235,701,246],"text":"0","type":"restriction","class":"traffic_sign"},{"box":[584,257,594,265],"class":"traffic_sign","shape":"triangle","color":"yellow"}],"image":{"filename":"s01000273.jpg","imsize":[1280,720]}}