{"annotation":[{"shape":"rectangle","color":"blue","kind":"normal","box":[487,211,510,239],"text":"0","type":"instruction","class":"traffic_sign"},{"shape":"circle","color":"red","kind":"normal","box":[587,240,595,249],"text":"0","type":"restriction","class":"traffic_sign"},{"light_count":"3","box":[602,245,614,249],"attribute":[{"red":"off","green":"on","x_light":"off","others_arrow":"off","yellow":"off","left_arrow":"off"}],"type":"car","class":"traffic_light","direction":"horizontal"},{"light_count":"3","box":[568,247,582,251],"attribute":[{"red":"off","green":"on","x_light":"off","others_arrow":"off","yellow":"off","left_arrow":"off"}],"type":"car","class":"traffic_light","direction":"horizontal"}],"image":{"filename":"s01000680.jpg","imsize":[1280,720]}}