{"annotation":[{"shape":"circle","color":"red","kind":"normal","box":[1217,72,1261,124],"text":"30","type":"restriction","class":"traffic_sign"},{"shape":"circle","color":"red","kind":"normal","box":[690,284,714,308],"text":"0","type":"restriction","class":"traffic_sign"},{"shape":"rectangle","color":"blue","kind":"normal","box":[512,279,555,310],"text":"0","type":"instruction","class":"traffic_sign"},{"shape":"triangle","color":"yellow","kind":"normal","box":[394,204,439,245],"text":"0","type":"caution","class":"traffic_sign"},{"shape":"triangle","color":"red","kind":"normal","box":[395,245,433,282],"text":"0","type":"restriction","class":"traffic_sign"}],"image":{"filename":"s01000383.jpg","imsize":[1280,720]}}