{"annotation":[{"shape":"triangle","color":"blue","kind":"normal","box":[1143,256,1177,300],"text":"0","type":"instruction","class":"traffic_sign"},{"shape":"circle","color":"red","kind":"normal","box":[495,0,563,33],"text":"0","type":"restriction","class":"traffic_sign"},{"light_count":"3","box":[645,12,728,49],"attribute":[{"red":"off","green":"on","x_light":"off","others_arrow":"off","yellow":"off","left_arrow":"off"}],"type":"car","class":"traffic_light","direction":"horizontal"},{"light_count":"3","box":[411,6,493,32],"attribute":[{"red":"off","green":"on","x_light":"off","others_arrow":"off","yellow":"off","left_arrow":"off"}],"type":"car","class":"traffic_light","direction":"horizontal"}],"image":{"filename":"s01000370.jpg","imsize":[1280,720]}}