{"annotation":[{"light_count":"3","box":[809,0,938,47],"attribute":[{"red":"off","green":"on","x_light":"off","others_arrow":"off","yellow":"off","left_arrow":"off"}],"type":"car","class":"traffic_light","direction":"horizontal"},{"light_count":"3","box":[1105,54,1170,101],"attribute":[{"red":"off","green":"off","x_light":"off","others_arrow":"off","yellow":"off","left_arrow":"off"}],"type":"car","class":"traffic_light","direction":"horizontal"},{"shape":"circle","color":"red","kind":"normal","box":[1165,56,1201,117],"text":"80","type":"restriction","class":"traffic_sign"}],"image":{"filename":"s01000558.jpg","imsize":[1280,720]}}