{"annotation":[{"shape":"triangle","color":"blue","kind":"normal","box":[812,49,825,63],"text":"0","type":"instruction","class":"traffic_sign"},{"shape":"triangle","color":"blue","kind":"normal","box":[880,115,895,129],"text":"0","type":"instruction","class":"traffic_sign"},{"shape":"rectangle","color":"blue","kind":"normal","box":[882,129,897,143],"text":"0","type":"instruction","class":"traffic_sign"},{"shape":"circle","color":"red","kind":"normal","box":[786,118,811,141],"text":"60","type":"restriction","class":"traffic_sign"},{"shape":"circle","color":"red","kind":"normal","box":[788,148,811,171],"text":"0","type":"restriction","class":"traffic_sign"}],"image":{"filename":"s01000201.jpg","imsize":[1280,720]}}