{"annotation":[{"box":[1006,216,1023,236],"class":"traffic_sign","shape":"circle","color":"blue"},{"light_count":"2","box":[927,242,939,264],"attribute":[{"red":"off","green":"off","x_light":"off","others_arrow":"off","yellow":"off","left_arrow":"off"}],"type":"pedestrian","class":"traffic_light","direction":"horizontal"},{"box":[691,212,703,224],"class":"traffic_sign","shape":"circle","color":"red"},{"light_count":"3","box":[621,101,658,115],"attribute":[{"red":"off","green":"on","x_light":"off","others_arrow":"off","yellow":"off","left_arrow":"off"}],"type":"car","class":"traffic_light","direction":"horizontal"},{"shape":"rectangle","color":"blue","kind":"normal","box":[540,119,559,138],"text":"0","type":"instruction","class":"traffic_sign"}],"image":{"filename":"s01000274.jpg","imsize":[1280,720]}}