{"annotation":[{"box":[783,408,795,419],"class":"traffic_sign","shape":"circle","color":"blue"},{"shape":"circle","color":"blue","kind":"normal","box":[735,367,746,377],"text":"0","type":"instruction","class":"traffic_sign"},{"light_count":"4","box":[715,370,732,375],"attribute":[{"red":"off","green":"on","x_light":"off","others_arrow":"off","yellow":"off","left_arrow":"on"}],"type":"car","class":"traffic_light","direction":"horizontal"},{"light_count":"4","box":[669,368,686,374],"attribute":[{"red":"off","green":"on","x_light":"off","others_arrow":"off","yellow":"off","left_arrow":"on"}],"type":"car","class":"traffic_light","direction":"horizontal"}],"image":{"filename":"s01000646.jpg","imsize":[1280,720]}}