{"annotation":[{"shape":"circle","color":"red","kind":"normal","box":[581,223,593,236],"text":"0","type":"restriction","class":"traffic_sign"},{"light_count":"4","box":[525,242,543,248],"attribute":[{"red":"off","green":"on","x_light":"off","others_arrow":"off","yellow":"off","left_arrow":"on"}],"type":"car","class":"traffic_light","direction":"horizontal"},{"light_count":"4","box":[576,245,594,250],"attribute":[{"red":"off","green":"on","x_light":"off","others_arrow":"off","yellow":"off","left_arrow":"on"}],"type":"car","class":"traffic_light","direction":"horizontal"}],"image":{"filename":"s01000520.jpg","imsize":[1280,720]}}