{"annotation":[{"shape":"triangle","color":"blue","kind":"normal","box":[901,247,917,269],"text":"0","type":"instruction","class":"traffic_sign"},{"box":[902,270,919,286],"class":"traffic_sign","shape":"triangle","color":"red"},{"light_count":"3","box":[778,218,813,229],"attribute":[{"red":"off","green":"on","x_light":"off","others_arrow":"off","yellow":"off","left_arrow":"off"}],"type":"car","class":"traffic_light","direction":"horizontal"},{"light_count":"3","box":[694,218,729,230],"attribute":[{"red":"off","green":"on","x_light":"off","others_arrow":"off","yellow":"off","left_arrow":"off"}],"type":"car","class":"traffic_light","direction":"horizontal"},{"shape":"triangle","color":"red","kind":"normal","box":[570,298,587,315],"text":"0","type":"instruction","class":"traffic_sign"}],"image":{"filename":"s01000259.jpg","imsize":[1280,720]}}