{"annotation":[{"box":[578,226,590,237],"class":"traffic_sign","shape":"circle","color":"red"},{"light_count":"4","box":[573,245,590,251],"attribute":[{"red":"off","green":"on","x_light":"off","others_arrow":"off","yellow":"off","left_arrow":"on"}],"type":"car","class":"traffic_light","direction":"horizontal"},{"light_count":"4","box":[525,243,542,248],"attribute":[{"red":"off","green":"on","x_light":"off","others_arrow":"on","yellow":"off","left_arrow":"off"}],"type":"car","class":"traffic_light","direction":"horizontal"}],"image":{"filename":"s01000524.jpg","imsize":[1280,720]}}