{"annotation":[{"shape":"triangle","color":"yellow","kind":"normal","box":[696,0,742,31],"text":"0","type":"caution","class":"traffic_sign"},{"light_count":"4","box":[751,29,811,45],"attribute":[{"red":"off","green":"on","x_light":"off","others_arrow":"off","yellow":"off","left_arrow":"off"}],"type":"car","class":"traffic_light","direction":"horizontal"},{"light_count":"4","box":[630,32,690,47],"attribute":[{"red":"off","green":"on","x_light":"off","others_arrow":"off","yellow":"off","left_arrow":"off"}],"type":"car","class":"traffic_light","direction":"horizontal"}],"image":{"filename":"s01000571.jpg","imsize":[1280,720]}}