{"annotation":[{"light_count":"2","box":[964,278,990,321],"attribute":[{"red":"off","green":"off","x_light":"off","others_arrow":"off","yellow":"off","left_arrow":"off"}],"type":"pedestrian","class":"traffic_light","direction":"horizontal"},{"light_count":"3","box":[704,112,763,136],"attribute":[{"red":"off","green":"on","x_light":"off","others_arrow":"off","yellow":"off","left_arrow":"off"}],"type":"car","class":"traffic_light","direction":"horizontal"},{"light_count":"3","box":[490,101,549,123],"attribute":[{"red":"off","green":"on","x_light":"off","others_arrow":"off","yellow":"off","left_arrow":"off"}],"type":"car","class":"traffic_light","direction":"horizontal"},{"box":[767,361,795,415],"class":"traffic_information","type":"under construction"}],"image":{"filename":"s01000381.jpg","imsize":[1280,720]}}