{"annotation":[{"shape":"triangle","color":"yellow","kind":"normal","box":[583,178,611,203],"text":"0","type":"caution","class":"traffic_sign"},{"light_count":"3","box":[422,144,440,151],"attribute":[{"red":"off","green":"off","x_light":"off","others_arrow":"off","yellow":"off","left_arrow":"off"}],"type":"car","class":"traffic_light","direction":"horizontal"},{"light_count":"3","box":[361,144,383,152],"attribute":[{"red":"off","green":"off","x_light":"off","others_arrow":"off","yellow":"off","left_arrow":"off"}],"type":"car","class":"traffic_light","direction":"horizontal"}],"image":{"filename":"s01000668.jpg","imsize":[1280,720]}}