{"annotation":[{"light_count":"3","box":[1212,141,1234,203],"attribute":[{"red":"off","green":"off","x_light":"off","others_arrow":"off","yellow":"off","left_arrow":"off"}],"type":"pedestrian","class":"traffic_light","direction":"horizontal"},{"light_count":"3","box":[1252,151,1274,209],"attribute":[{"red":"off","green":"off","x_light":"off","others_arrow":"off","yellow":"off","left_arrow":"off"}],"type":"pedestrian","class":"traffic_light","direction":"horizontal"}],"image":{"filename":"s01000566.jpg","imsize":[1280,720]}}