{"annotation":[{"shape":"rectangle","color":"blue","kind":"normal","box":[653,55,675,83],"text":"0","type":"instruction","class":"traffic_sign"},{"shape":"triangle","color":"blue","kind":"normal","box":[680,50,711,81],"text":"0","type":"instruction","class":"traffic_sign"},{"light_count":"3","box":[1,159,19,212],"attribute":[{"red":"on","green":"off","x_light":"off","others_arrow":"off","yellow":"off","left_arrow":"off"}],"type":"pedestrian","class":"traffic_light","direction":"horizontal"},{"light_count":"3","box":[608,75,643,85],"attribute":[{"red":"off","green":"on","x_light":"off","others_arrow":"off","yellow":"off","left_arrow":"off"}],"type":"car","class":"traffic_light","direction":"horizontal"},{"light_count":"3","box":[748,73,784,84],"attribute":[{"red":"off","green":"on","x_light":"off","others_arrow":"off","yellow":"off","left_arrow":"off"}],"type":"car","class":"traffic_light","direction":"horizontal"}],"image":{"filename":"s01000570.jpg","imsize":[1280,720]}}