{"annotation":[{"light_count":"3","box":[604,246,616,251],"attribute":[{"red":"off","green":"on","x_light":"off","others_arrow":"off","yellow":"off","left_arrow":"off"}],"type":"car","class":"traffic_light","direction":"horizontal"},{"light_count":"3","box":[573,248,584,252],"attribute":[{"red":"off","green":"on","x_light":"off","others_arrow":"off","yellow":"off","left_arrow":"off"}],"type":"car","class":"traffic_light","direction":"horizontal"},{"shape":"circle","color":"red","kind":"normal","box":[589,242,598,251],"text":"0","type":"restriction","class":"traffic_sign"},{"shape":"rectangle","color":"blue","kind":"normal","box":[498,216,518,241],"text":"0","type":"instruction","class":"traffic_sign"}],"image":{"filename":"s01000675.jpg","imsize":[1280,720]}}