{"annotation":[{"shape":"triangle","color":"red","kind":"normal","box":[663,212,680,229],"text":"0","type":"restriction","class":"traffic_sign"},{"shape":"circle","color":"red","kind":"normal","box":[663,191,679,209],"text":"40","type":"restriction","class":"traffic_sign"},{"shape":"circle","color":"blue","kind":"normal","box":[634,190,661,216],"text":"0","type":"instruction","class":"traffic_sign"},{"shape":"triangle","color":"yellow","kind":"normal","box":[510,203,523,215],"text":"0","type":"restriction","class":"traffic_sign"},{"box":[512,216,521,226],"class":"traffic_sign","shape":"circle","color":"red"}],"image":{"filename":"s01000210.jpg","imsize":[1280,720]}}