{"annotation":[{"box":[923,236,938,250],"class":"traffic_sign","shape":"circle","color":"blue"},{"shape":"circle","color":"red","kind":"normal","box":[751,41,790,78],"text":"0","type":"restriction","class":"traffic_sign"},{"light_count":"3","box":[699,63,750,82],"attribute":[{"red":"off","green":"on","x_light":"off","others_arrow":"off","yellow":"off","left_arrow":"off"}],"type":"car","class":"traffic_light","direction":"horizontal"},{"box":[735,250,743,259],"class":"traffic_sign","shape":"circle","color":"red"},{"box":[743,250,751,259],"class":"traffic_sign","shape":"circle","color":"red"}],"image":{"filename":"s01000263.jpg","imsize":[1280,720]}}