{"annotation":[{"box":[1131,157,1152,179],"class":"traffic_sign","shape":"circle","color":"blue"},{"light_count":"2","box":[575,138,600,147],"attribute":[{"red":"on","green":"off","x_light":"off","others_arrow":"off","yellow":"off","left_arrow":"off"}],"type":"car","class":"traffic_light","direction":"horizontal"},{"light_count":"2","box":[507,141,530,152],"attribute":[{"red":"on","green":"off","x_light":"off","others_arrow":"off","yellow":"off","left_arrow":"off"}],"type":"car","class":"traffic_light","direction":"horizontal"}],"image":{"filename":"s01000589.jpg","imsize":[1280,720]}}