{"annotation":[{"shape":"circle","color":"blue","kind":"normal","box":[591,244,601,253],"text":"0","type":"instruction","class":"traffic_sign"},{"box":[610,232,620,242],"class":"traffic_sign","shape":"circle","color":"red"},{"light_count":"4","box":[624,247,642,252],"attribute":[{"red":"off","green":"on","x_light":"off","others_arrow":"off","yellow":"off","left_arrow":"off"}],"type":"car","class":"traffic_light","direction":"horizontal"}],"image":{"filename":"s01000508.jpg","imsize":[1280,720]}}