{"annotation":[{"light_count":"3","box":[869,255,878,283],"attribute":[{"red":"on","green":"off","x_light":"off","others_arrow":"off","yellow":"off","left_arrow":"off"}],"type":"pedestrian","class":"traffic_light","direction":"horizontal"},{"light_count":"3","box":[843,136,863,198],"attribute":[{"red":"off","green":"off","x_light":"off","others_arrow":"off","yellow":"off","left_arrow":"off"}],"type":"pedestrian","class":"traffic_light","direction":"horizontal"},{"box":[659,269,671,280],"class":"traffic_sign","shape":"triangle","color":"blue","type":"instruction"}],"image":{"filename":"s01000622.jpg","imsize":[1280,720]}}