{"annotation":[{"light_count":"3","box":[476,323,490,328],"attribute":[{"red":"off","green":"off","x_light":"off","others_arrow":"off","yellow":"on","left_arrow":"off"}],"type":"car","class":"traffic_light","direction":"horizontal"},{"light_count":"3","box":[434,321,447,327],"attribute":[{"red":"off","green":"off","x_light":"off","others_arrow":"off","yellow":"on","left_arrow":"off"}],"type":"car","class":"traffic_light","direction":"horizontal"},{"box":[459,317,469,328],"class":"traffic_sign","shape":"circle","color":"red"}],"image":{"filename":"s01000304.jpg","imsize":[1280,720]}}