{"annotation":[{"light_count":"1","box":[676,230,685,240],"attribute":[{"red":"off","green":"off","x_light":"on","others_arrow":"off","yellow":"off","left_arrow":"off"}],"type":"car","class":"traffic_light","direction":"vertical"},{"light_count":"1","box":[634,229,645,239],"attribute":[{"red":"off","green":"off","x_light":"off","others_arrow":"on","yellow":"off","left_arrow":"off"}],"type":"car","class":"traffic_light","direction":"vertical"},{"light_count":"1","box":[595,228,606,239],"attribute":[{"red":"off","green":"off","x_light":"off","others_arrow":"on","yellow":"off","left_arrow":"off"}],"type":"car","class":"traffic_light","direction":"vertical"},{"light_count":"1","box":[556,228,568,238],"attribute":[{"red":"off","green":"off","x_light":"off","others_arrow":"on","yellow":"off","left_arrow":"off"}],"type":"car","class":"traffic_light","direction":"vertical"}],"image":{"filename":"s01000445.jpg","imsize":[1280,720]}}