{"annotation":[{"shape":"circle","color":"blue","kind":"normal","box":[735,360,746,371],"text":"0","type":"instruction","class":"traffic_sign"},{"light_count":"4","box":[714,363,733,369],"attribute":[{"red":"off","green":"on","x_light":"off","others_arrow":"off","yellow":"off","left_arrow":"on"}],"type":"car","class":"traffic_light","direction":"horizontal"},{"light_count":"4","box":[667,361,685,367],"attribute":[{"red":"off","green":"on","x_light":"off","others_arrow":"off","yellow":"off","left_arrow":"on"}],"type":"car","class":"traffic_light","direction":"horizontal"}],"image":{"filename":"s01000644.jpg","imsize":[1280,720]}}