{"annotation":[{"shape":"circle","color":"blue","kind":"normal","box":[787,404,799,416],"text":"0","type":"instruction","class":"traffic_sign"},{"shape":"circle","color":"blue","kind":"normal","box":[739,363,748,373],"text":"0","type":"instruction","class":"traffic_sign"},{"light_count":"4","box":[719,366,736,371],"attribute":[{"red":"off","green":"on","x_light":"off","others_arrow":"off","yellow":"off","left_arrow":"on"}],"type":"car","class":"traffic_light","direction":"horizontal"},{"light_count":"4","box":[674,365,691,370],"attribute":[{"red":"off","green":"on","x_light":"off","others_arrow":"off","yellow":"off","left_arrow":"on"}],"type":"car","class":"traffic_light","direction":"horizontal"}],"image":{"filename":"s01000645.jpg","imsize":[1280,720]}}