{"annotation":[{"shape":"triangle","color":"blue","kind":"normal","box":[1008,64,1051,128],"text":"0","type":"instruction","class":"traffic_sign"},{"light_count":"2","box":[935,60,986,155],"attribute":[{"red":"off","green":"off","x_light":"off","others_arrow":"off","yellow":"off","left_arrow":"off"}],"type":"pedestrian","class":"traffic_light","direction":"vertical"},{"box":[665,266,677,278],"class":"traffic_sign","shape":"triangle","color":"blue","type":"restriction"}],"image":{"filename":"s01000637.jpg","imsize":[1280,720]}}