{"annotation":[{"shape":"circle","color":"blue","kind":"normal","box":[738,363,748,373],"text":"0","type":"instruction","class":"traffic_sign"},{"box":[787,403,799,414],"class":"traffic_sign","shape":"triangle","color":"blue"},{"light_count":"4","box":[674,364,691,370],"attribute":[{"red":"off","green":"on","x_light":"off","others_arrow":"off","yellow":"off","left_arrow":"on"}],"type":"car","class":"traffic_light","direction":"horizontal"},{"light_count":"4","box":[719,366,736,371],"attribute":[{"red":"off","green":"on","x_light":"off","others_arrow":"off","yellow":"off","left_arrow":"on"}],"type":"car","class":"traffic_light","direction":"horizontal"}],"image":{"filename":"s01000649.jpg","imsize":[1280,720]}}