{"annotation":[{"light_count":"3","box":[436,162,451,169],"attribute":[{"red":"off","green":"off","x_light":"off","others_arrow":"off","yellow":"on","left_arrow":"off"}],"type":"car","class":"traffic_light","direction":"horizontal"},{"light_count":"3","box":[386,162,404,170],"attribute":[{"red":"off","green":"off","x_light":"off","others_arrow":"off","yellow":"on","left_arrow":"off"}],"type":"car","class":"traffic_light","direction":"horizontal"}],"image":{"filename":"s01000664.jpg","imsize":[1280,720]}}