{"annotation":[{"box":[787,207,804,223],"class":"traffic_sign","shape":"circle","color":"red"},{"light_count":"1","box":[559,252,566,259],"attribute":[{"red":"off","green":"off","x_light":"off","others_arrow":"on","yellow":"off","left_arrow":"off"}],"type":"car","class":"traffic_light","direction":"horizontal"},{"light_count":"1","box":[582,252,589,259],"attribute":[{"red":"off","green":"off","x_light":"off","others_arrow":"on","yellow":"off","left_arrow":"off"}],"type":"car","class":"traffic_light","direction":"horizontal"},{"light_count":"1","box":[607,253,613,259],"attribute":[{"red":"off","green":"off","x_light":"off","others_arrow":"on","yellow":"off","left_arrow":"off"}],"type":"car","class":"traffic_light","direction":"horizontal"}],"image":{"filename":"s01000446.jpg","imsize":[1280,720]}}