{"annotation":[{"shape":"circle","color":"red","kind":"normal","box":[735,84,766,114],"text":"0","type":"restriction","class":"traffic_sign"},{"box":[736,249,742,257],"class":"traffic_sign","shape":"circle","color":"red"},{"box":[743,249,750,256],"class":"traffic_sign","shape":"circle","color":"red"},{"light_count":"3","box":[691,105,732,118],"attribute":[{"red":"off","green":"on","x_light":"off","others_arrow":"off","yellow":"off","left_arrow":"off"}],"type":"car","class":"traffic_light","direction":"horizontal"}],"image":{"filename":"s01000269.jpg","imsize":[1280,720]}}