{"annotation":[{"light_count":"1","box":[761,194,775,208],"attribute":[{"red":"off","green":"off","x_light":"off","others_arrow":"off","yellow":"off","left_arrow":"off"}],"type":"car","class":"traffic_light","direction":"horizontal"},{"light_count":"1","box":[693,191,707,205],"attribute":[{"red":"off","green":"off","x_light":"off","others_arrow":"on","yellow":"off","left_arrow":"off"}],"type":"car","class":"traffic_light","direction":"horizontal"},{"light_count":"1","box":[624,188,641,205],"attribute":[{"red":"off","green":"off","x_light":"off","others_arrow":"on","yellow":"off","left_arrow":"off"}],"type":"car","class":"traffic_light","direction":"horizontal"},{"light_count":"1","box":[560,187,576,204],"attribute":[{"red":"off","green":"off","x_light":"off","others_arrow":"on","yellow":"off","left_arrow":"off"}],"type":"car","class":"traffic_light","direction":"horizontal"}],"image":{"filename":"s01000455.jpg","imsize":[1280,720]}}