{"annotation":[{"shape":"circle","color":"red","kind":"normal","box":[816,33,836,55],"text":"0","type":"restriction","class":"traffic_sign"},{"box":[646,112,653,121],"class":"traffic_sign","shape":"circle","color":"red"},{"light_count":"4","box":[611,116,626,120],"attribute":[{"red":"on","green":"off","x_light":"off","others_arrow":"off","yellow":"off","left_arrow":"off"}],"type":"car","class":"traffic_light","direction":"horizontal"},{"light_count":"4","box":[657,117,673,121],"attribute":[{"red":"on","green":"off","x_light":"off","others_arrow":"off","yellow":"off","left_arrow":"off"}],"type":"car","class":"traffic_light","direction":"horizontal"}],"image":{"filename":"s01000275.jpg","imsize":[1280,720]}}