{"annotation":[{"shape":"triangle","color":"yellow","kind":"normal","box":[391,76,427,106],"text":"0","type":"caution","class":"traffic_sign"},{"shape":"circle","color":"blue","kind":"normal","box":[586,67,601,81],"text":"0","type":"instruction","class":"traffic_sign"},{"light_count":"3","box":[561,79,580,86],"attribute":[{"red":"off","green":"on","x_light":"off","others_arrow":"off","yellow":"off","left_arrow":"off"}],"type":"car","class":"traffic_light","direction":"horizontal"},{"light_count":"3","box":[607,82,628,89],"attribute":[{"red":"off","green":"on","x_light":"off","others_arrow":"off","yellow":"off","left_arrow":"off"}],"type":"car","class":"traffic_light","direction":"horizontal"}],"image":{"filename":"s01000326.jpg","imsize":[1280,720]}}