{"annotation":[{"shape":"circle","color":"red","kind":"normal","box":[587,219,599,232],"text":"0","type":"restriction","class":"traffic_sign"},{"light_count":"4","box":[581,241,601,248],"attribute":[{"red":"off","green":"on","x_light":"off","others_arrow":"off","yellow":"off","left_arrow":"on"}],"type":"car","class":"traffic_light","direction":"horizontal"},{"light_count":"4","box":[530,238,549,245],"attribute":[{"red":"off","green":"on","x_light":"off","others_arrow":"off","yellow":"off","left_arrow":"on"}],"type":"car","class":"traffic_light","direction":"horizontal"}],"image":{"filename":"s01000515.jpg","imsize":[1280,720]}}