{"annotation":[{"shape":"circle","color":"red","kind":"normal","box":[712,360,744,392],"text":"0","type":"restriction","class":"traffic_sign"},{"shape":"triangle","color":"red","kind":"normal","box":[760,451,783,473],"text":"0","type":"restriction","class":"traffic_sign"},{"box":[720,432,761,497],"class":"traffic_information","type":"under construction"},{"box":[566,382,579,395],"class":"traffic_sign","shape":"circle","color":"red"},{"box":[547,394,560,405],"class":"traffic_sign","shape":"triangle","color":"yellow"},{"box":[543,427,550,434],"class":"traffic_sign","shape":"triangle","color":"yellow"}],"image":{"filename":"s01000404.jpg","imsize":[1280,720]}}