{"annotation":[{"light_count":"2","box":[1001,57,1036,123],"attribute":[{"red":"off","green":"off","x_light":"off","others_arrow":"off","yellow":"off","left_arrow":"off"}],"type":"pedestrian","class":"traffic_light","direction":"horizontal"},{"light_count":"2","box":[926,53,965,112],"attribute":[{"red":"off","green":"off","x_light":"off","others_arrow":"off","yellow":"off","left_arrow":"off"}],"type":"pedestrian","class":"traffic_light","direction":"horizontal"}],"image":{"filename":"s01000669.jpg","imsize":[1280,720]}}