{"annotation":[{"shape":"circle","color":"red","kind":"normal","box":[1220,0,1272,40],"text":"0","type":"restriction","class":"traffic_sign"},{"light_count":"3","box":[542,135,578,145],"attribute":[{"red":"off","green":"on","x_light":"off","others_arrow":"off","yellow":"off","left_arrow":"off"}],"type":"car","class":"traffic_light","direction":"horizontal"},{"light_count":"3","box":[639,134,675,145],"attribute":[{"red":"off","green":"on","x_light":"off","others_arrow":"off","yellow":"off","left_arrow":"off"}],"type":"car","class":"traffic_light","direction":"horizontal"}],"image":{"filename":"s01000529.jpg","imsize":[1280,720]}}