{"annotation":[{"light_count":"2","box":[746,36,779,54],"attribute":[{"red":"off","green":"off","x_light":"off","others_arrow":"off","yellow":"off","left_arrow":"off"}],"type":"car","class":"traffic_light","direction":"horizontal"},{"light_count":"2","box":[731,79,763,96],"attribute":[{"red":"off","green":"off","x_light":"off","others_arrow":"off","yellow":"off","left_arrow":"off"}],"type":"car","class":"traffic_light","direction":"horizontal"},{"light_count":"2","box":[610,86,642,99],"attribute":[{"red":"off","green":"off","x_light":"off","others_arrow":"off","yellow":"on","left_arrow":"off"}],"type":"car","class":"traffic_light","direction":"horizontal"}],"image":{"filename":"s01000632.jpg","imsize":[1280,720]}}