{"annotation":[{"light_count":"4","box":[635,0,730,10],"attribute":[{"red":"on","green":"off","x_light":"off","others_arrow":"off","yellow":"off","left_arrow":"on"}],"type":"car","class":"traffic_light","direction":"horizontal"},{"light_count":"4","box":[840,0,929,11],"attribute":[{"red":"on","green":"off","x_light":"off","others_arrow":"off","yellow":"off","left_arrow":"on"}],"type":"car","class":"traffic_light","direction":"horizontal"},{"shape":"circle","color":"red","kind":"normal","box":[876,19,914,59],"text":"30","type":"restriction","class":"traffic_sign"},{"light_count":"2","box":[1186,165,1216,231],"attribute":[{"red":"on","green":"off","x_light":"off","others_arrow":"off","yellow":"off","left_arrow":"off"}],"type":"pedestrian","class":"traffic_light","direction":"vertical"}],"image":{"filename":"s01000255.jpg","imsize":[1280,720]}}