{"annotation":[{"light_count":"3","box":[941,258,950,283],"attribute":[{"red":"on","green":"off","x_light":"off","others_arrow":"off","yellow":"off","left_arrow":"off"}],"type":"pedestrian","class":"traffic_light","direction":"horizontal"},{"light_count":"3","box":[647,222,670,230],"attribute":[{"red":"on","green":"off","x_light":"off","others_arrow":"off","yellow":"off","left_arrow":"off"}],"type":"car","class":"traffic_light","direction":"horizontal"},{"box":[675,279,689,292],"class":"traffic_sign","shape":"triangle","color":"blue"}],"image":{"filename":"s01000614.jpg","imsize":[1280,720]}}