{"annotation":[{"box":[513,216,527,227],"class":"traffic_sign","shape":"triangle","color":"yellow"},{"box":[515,228,525,238],"class":"traffic_sign","shape":"circle","color":"red"},{"shape":"circle","color":"red","kind":"normal","box":[641,211,655,226],"text":"40","type":"restriction","class":"traffic_sign"},{"box":[642,228,657,243],"class":"traffic_sign","shape":"triangle","color":"red"},{"shape":"circle","color":"blue","kind":"normal","box":[621,208,641,231],"text":"0","type":"instruction","class":"traffic_sign"}],"image":{"filename":"s01000206.jpg","imsize":[1280,720]}}