{"annotation":[{"shape":"circle","color":"red","kind":"normal","box":[1156,117,1192,157],"text":"0","type":"restriction","class":"traffic_sign"},{"box":[978,269,986,279],"class":"traffic_sign","shape":"triangle","color":"blue"},{"box":[978,279,986,287],"class":"traffic_sign","shape":"triangle","color":"red"},{"box":[942,247,952,256],"class":"traffic_sign","shape":"triangle","color":"blue"},{"light_count":"4","box":[922,250,937,255],"attribute":[{"red":"off","green":"on","x_light":"off","others_arrow":"off","yellow":"off","left_arrow":"off"}],"type":"car","class":"traffic_light","direction":"horizontal"},{"light_count":"4","box":[957,250,972,255],"attribute":[{"red":"off","green":"on","x_light":"off","others_arrow":"off","yellow":"off","left_arrow":"off"}],"type":"car","class":"traffic_light","direction":"horizontal"}],"image":{"filename":"s01000257.jpg","imsize":[1280,720]}}