{"annotation":[{"shape":"circle","color":"red","kind":"normal","box":[948,131,979,166],"text":"0","type":"restriction","class":"traffic_sign"},{"light_count":"1","box":[644,247,653,256],"attribute":[{"red":"off","green":"off","x_light":"on","others_arrow":"off","yellow":"off","left_arrow":"off"}],"type":"car","class":"traffic_light","direction":"horizontal"},{"light_count":"1","box":[613,246,621,255],"attribute":[{"red":"off","green":"off","x_light":"off","others_arrow":"on","yellow":"off","left_arrow":"off"}],"type":"car","class":"traffic_light","direction":"horizontal"},{"light_count":"1","box":[581,246,589,254],"attribute":[{"red":"off","green":"off","x_light":"off","others_arrow":"on","yellow":"off","left_arrow":"off"}],"type":"car","class":"traffic_light","direction":"horizontal"},{"light_count":"1","box":[552,246,560,255],"attribute":[{"red":"off","green":"off","x_light":"off","others_arrow":"on","yellow":"off","left_arrow":"off"}],"type":"car","class":"traffic_light","direction":"horizontal"}],"image":{"filename":"s01000450.jpg","imsize":[1280,720]}}