{"annotation":[{"shape":"triangle","color":"yellow","kind":"normal","box":[750,244,773,265],"text":"0","type":"caution","class":"traffic_sign"},{"shape":"triangle","color":"yellow","kind":"normal","box":[651,232,673,253],"text":"0","type":"caution","class":"traffic_sign"},{"box":[442,309,453,322],"class":"traffic_sign","shape":"circle","color":"red"},{"box":[831,331,839,340],"class":"traffic_sign","shape":"circle","color":"red"},{"box":[890,331,902,343],"class":"traffic_sign","shape":"triangle","color":"blue"},{"box":[904,335,917,348],"class":"traffic_sign","shape":"triangle","color":"red"}],"image":{"filename":"s01000287.jpg","imsize":[1280,720]}}