{"annotation":[{"shape":"circle","color":"red","kind":"normal","box":[724,231,739,247],"text":"0","type":"restriction","class":"traffic_sign"},{"light_count":"3","box":[621,231,635,237],"attribute":[{"red":"off","green":"on","x_light":"off","others_arrow":"off","yellow":"off","left_arrow":"off"}],"type":"car","class":"traffic_light","direction":"horizontal"},{"light_count":"3","box":[585,231,598,237],"attribute":[{"red":"off","green":"on","x_light":"off","others_arrow":"off","yellow":"off","left_arrow":"off"}],"type":"car","class":"traffic_light","direction":"horizontal"}],"image":{"filename":"s01000507.jpg","imsize":[1280,720]}}