{"annotation":[{"shape":"circle","color":"red","kind":"normal","box":[725,276,737,288],"text":"40","type":"restriction","class":"traffic_sign"},{"light_count":"1","box":[614,247,645,255],"attribute":[{"red":"off","green":"on","x_light":"off","others_arrow":"off","yellow":"off","left_arrow":"on"}],"type":"car","class":"traffic_light","direction":"horizontal"},{"light_count":"4","box":[534,245,565,253],"attribute":[{"red":"off","green":"on","x_light":"off","others_arrow":"off","yellow":"off","left_arrow":"on"}],"type":"car","class":"traffic_light","direction":"horizontal"}],"image":{"filename":"s01000439.jpg","imsize":[1280,720]}}