{"annotation":[{"light_count":"1","box":[584,148,599,165],"attribute":[{"red":"off","green":"off","x_light":"off","others_arrow":"on","yellow":"off","left_arrow":"off"}],"type":"car","class":"traffic_light","direction":"horizontal"},{"light_count":"1","box":[566,150,581,165],"attribute":[{"red":"off","green":"off","x_light":"off","others_arrow":"on","yellow":"off","left_arrow":"off"}],"type":"car","class":"traffic_light","direction":"horizontal"}],"image":{"filename":"s01000580.jpg","imsize":[1280,720]}}