{"annotation":[{"shape":"circle","color":"red","kind":"normal","box":[1071,71,1118,131],"text":"0","type":"restriction","class":"traffic_sign"},{"shape":"circle","color":"red","kind":"normal","box":[765,170,789,195],"text":"4.5","type":"restriction","class":"traffic_sign"},{"shape":"circle","color":"red","kind":"normal","box":[678,196,690,208],"text":"0","type":"restriction","class":"traffic_sign"},{"box":[650,199,659,208],"class":"traffic_sign","shape":"circle","color":"red"}],"image":{"filename":"s01000200.jpg","imsize":[1280,720]}}