{"annotation":[{"shape":"triangle","color":"yellow","kind":"normal","box":[761,200,783,219],"text":"0","type":"caution","class":"traffic_sign"},{"shape":"triangle","color":"red","kind":"normal","box":[720,301,732,312],"text":"0","type":"restriction","class":"traffic_sign"},{"shape":"circle","color":"red","kind":"normal","box":[710,307,719,317],"text":"0","type":"restriction","class":"traffic_sign"},{"box":[709,295,719,306],"class":"traffic_sign","shape":"circle","color":"blue"}],"image":{"filename":"s01000285.jpg","imsize":[1280,720]}}