{"annotation":[{"shape":"rectangle","color":"blue","kind":"normal","box":[455,190,484,225],"text":"0","type":"instruction","class":"traffic_sign"},{"shape":"circle","color":"red","kind":"normal","box":[578,228,589,239],"text":"0","type":"restriction","class":"traffic_sign"},{"light_count":"3","box":[556,235,572,241],"attribute":[{"red":"off","green":"on","x_light":"off","others_arrow":"off","yellow":"off","left_arrow":"off"}],"type":"car","class":"traffic_light","direction":"horizontal"},{"light_count":"3","box":[594,234,610,239],"attribute":[{"red":"off","green":"on","x_light":"off","others_arrow":"off","yellow":"off","left_arrow":"off"}],"type":"car","class":"traffic_light","direction":"horizontal"}],"image":{"filename":"s01000673.jpg","imsize":[1280,720]}}