{"annotation":[{"box":[951,260,960,273],"class":"traffic_sign","shape":"triangle","color":"blue"},{"box":[951,273,960,283],"class":"traffic_sign","shape":"triangle","color":"red"},{"box":[899,240,907,249],"class":"traffic_sign","shape":"triangle","color":"blue"},{"light_count":"3","box":[872,243,890,248],"attribute":[{"red":"off","green":"on","x_light":"off","others_arrow":"off","yellow":"off","left_arrow":"off"}],"type":"car","class":"traffic_light","direction":"horizontal"},{"light_count":"3","box":[913,243,929,249],"attribute":[{"red":"off","green":"on","x_light":"off","others_arrow":"off","yellow":"off","left_arrow":"off"}],"type":"car","class":"traffic_light","direction":"horizontal"}],"image":{"filename":"s01000254.jpg","imsize":[1280,720]}}