{"annotation":[{"light_count":"3","box":[448,327,460,331],"attribute":[{"red":"off","green":"off","x_light":"off","others_arrow":"off","yellow":"on","left_arrow":"off"}],"type":"car","class":"traffic_light","direction":"horizontal"},{"box":[470,322,480,331],"class":"traffic_sign","shape":"circle","color":"red"},{"light_count":"3","box":[487,328,499,332],"attribute":[{"red":"off","green":"off","x_light":"off","others_arrow":"off","yellow":"on","left_arrow":"off"}],"type":"car","class":"traffic_light","direction":"horizontal"}],"image":{"filename":"s01000309.jpg","imsize":[1280,720]}}