{"annotation":[{"light_count":"3","box":[796,0,849,16],"attribute":[{"red":"off","green":"off","x_light":"off","others_arrow":"off","yellow":"on","left_arrow":"off"}],"type":"car","class":"traffic_light","direction":"horizontal"},{"light_count":"3","box":[586,0,640,9],"attribute":[{"red":"off","green":"off","x_light":"off","others_arrow":"off","yellow":"off","left_arrow":"off"}],"type":"car","class":"traffic_light","direction":"horizontal"},{"box":[667,191,676,200],"class":"traffic_sign","shape":"triangle","color":"yellow"}],"image":{"filename":"s01000562.jpg","imsize":[1280,720]}}