{"annotation":[{"shape":"triangle","color":"red","kind":"normal","box":[1160,53,1195,96],"text":"0","type":"restriction","class":"traffic_sign"},{"shape":"triangle","color":"blue","kind":"normal","box":[1157,10,1196,57],"text":"0","type":"instruction","class":"traffic_sign"},{"light_count":"3","box":[638,80,656,88],"attribute":[{"red":"off","green":"on","x_light":"off","others_arrow":"off","yellow":"off","left_arrow":"off"}],"type":"car","class":"traffic_light","direction":"horizontal"}],"image":{"filename":"s01000333.jpg","imsize":[1280,720]}}